{
    "rmse": 0.7758276867013161,
    "mae": 0.637500820292878,
    "r2": 0.05065244618450648
}